<?xml version="1.0" encoding="UTF-8"?>
<!DOCTYPE hibernate-mapping PUBLIC 
    "-//Hibernate/Hibernate Mapping DTD 3.0//EN"
    "http://www.hibernate.org/dtd/hibernate-mapping-3.0.dtd">
<hibernate-mapping>
    <class name="crm.domain.Customer" table="cst_customer">
        <id name="cust_id" column="cust_id">
            <generator class="native"/>
        </id>
        <property name="cust_name" column="cust_name"/>
        <!-- <property name="cust_source" column="cust_source"/>
        <property name="cust_industry" column="cust_industry"/>
        <property name="cust_level" column="cust_level"/> -->
        
        <property name="cust_phone" column="cust_phone"/>
        <property name="cust_mobile" column="cust_mobile"/>
        <property name="cust_image" column="cust_image"/>
        
        <many-to-one name="baseDictSource" class="crm.domain.BaseDict" column="cust_source"/>
        <many-to-one name="baseDictIndustry" class="crm.domain.BaseDict" column="cust_industry"/>
        <many-to-one name="baseDictLevel" class="crm.domain.BaseDict" column="cust_level"/>
        
        <set name="linkMans" cascade="delete" inverse="true">
            <key column="lkm_cust_id"/>
            <one-to-many class="crm.domain.LinkMan"/>
        </set>
    </class>
</hibernate-mapping>