<?xml version="1.0" encoding="UTF-8"?>
<beans xmlns="http://www.springframework.org/schema/beans"
	xmlns:xsi="http://www.w3.org/2001/XMLSchema-instance"
	xmlns:context="http://www.springframework.org/schema/context"
	xmlns:aop="http://www.springframework.org/schema/aop"
	xmlns:tx="http://www.springframework.org/schema/tx"
	xsi:schemaLocation="http://www.springframework.org/schema/beans 
	http://www.springframework.org/schema/beans/spring-beans.xsd
	http://www.springframework.org/schema/context
	http://www.springframework.org/schema/context/spring-context.xsd
	http://www.springframework.org/schema/aop
	http://www.springframework.org/schema/aop/spring-aop.xsd
	http://www.springframework.org/schema/tx 
	http://www.springframework.org/schema/tx/spring-tx.xsd">
	
    <!-- 开启属性注入注解 -->
    <context:annotation-config/>
    <!-- 引入外部属性文件=============================== -->
	<context:property-placeholder location="classpath:jdbc.properties"/>
	<!-- 配置C3P0连接池=============================== -->
	<bean id="dataSource" class="com.mchange.v2.c3p0.ComboPooledDataSource">
		<property name="driverClass" value="${jdbc.driverClass}"/>
		<property name="jdbcUrl" value="${jdbc.url}"/>
		<property name="user" value="${jdbc.username}"/>
		<property name="password" value="${jdbc.password}"/>
	</bean>
    
	<!-- SessionFactory -->
	<bean id="sessionFactory" class="org.springframework.orm.hibernate5.LocalSessionFactoryBean">
	   <property name="dataSource" ref="dataSource"></property> 
	    <property name="hibernateProperties">
	        <props>
	            <prop key="hibernate.dialect">org.hibernate.dialect.MySQLDialect</prop>
                <prop key="hibernate.show_sql">true</prop>
                <prop key="hibernate.format_sql">true</prop>
                <prop key="hibernate.hbm2ddl.auto">update</prop>
	        </props>
	    </property>
	    <property name="mappingResources">
            <list>
                <value>crm/domain/User.hbm.xml</value>
                <value>crm/domain/Customer.hbm.xml</value>
                <value>crm/domain/BaseDict.hbm.xml</value>
                <value>crm/domain/LinkMan.hbm.xml</value>
                <value>crm/domain/SaleVisit.hbm.xml</value>
            </list>
        </property>
	</bean>
	
	<!-- Action -->
	<bean id="userAction" class="crm.web.action.UserAction" scope="prototype">
	    <property name="userService" ref="userService"/>
	</bean> 
	<bean id="customerAction" class="crm.web.action.CustomerAction" scope="prototype">
	    <property name="customerService" ref="customerService"/>
	</bean> 
	
	
	<!-- Service -->
	<bean id="userService" class="crm.service.impl.UserServiceImpl">
	    <property name="userDao" ref="userDao"></property>
	</bean>
	<bean id="customerService" class="crm.service.impl.CustomerServiceimpl">
	    <property name="customerDao" ref="customerDao"></property>
	</bean>

	
	
	<!-- Dao -->
	<bean id="userDao" class="crm.dao.impl.UserDaoImpl">
	    <property name="sessionFactory" ref="sessionFactory"/>
	</bean>
	<bean id="customerDao" class="crm.dao.impl.CustomerDaoimpl">
	    <property name="sessionFactory" ref="sessionFactory"/>
	</bean>
	
	
	<!-- BaseDict -->
	<bean id="baseDictAction" class="crm.web.action.BaseDictAction" scope="prototype">
	    <property name="baseDictService" ref="baseDictService"/>
	</bean> 
	<bean id="baseDictService" class="crm.service.impl.BaseDictServiceImpl">
	    <property name="baseDictDao" ref="baseDictDao"></property>
	</bean>
	<bean id="baseDictDao" class="crm.dao.impl.BaseDictDaoImpl">
	    <property name="sessionFactory" ref="sessionFactory"/>
	</bean>
	
	<!-- 联系人 -->
	<bean id="linkManAction" class="crm.web.action.LinkManAction" scope="prototype">
	    <property name="linkManService" ref="linkManService"></property>
	    <property name="customerService" ref="customerService"></property>
	</bean>
	<bean id="linkManService" class="crm.service.impl.LinkManServiceImpl">
	    <property name="linkManDao" ref="linkManDao"></property>
	</bean>
	<bean id="linkManDao" class="crm.dao.impl.LinkManDaoImpl">
	    <property name="sessionFactory" ref="sessionFactory"></property>
	</bean>
	
	<!-- 配置客户拜访记录 -->
	<bean id="SaleVisitAction" class="crm.web.action.SaleVisitAction" scope="prototype">
	    
	</bean>
	<bean id="SaleVisitService" class="crm.service.impl.SaleVisitServiceImpl">
	    
	</bean>
	<bean id="SaleVisitDao" class="crm.dao.impl.SaleVisitDaoImpl">
	    <property name="sessionFactory" ref="sessionFactory"></property>
	</bean>
	
	<!-- 事务管理器 -->
	<bean id="transactionManager" class="org.springframework.orm.hibernate5.HibernateTransactionManager">
	    <property name="sessionFactory" ref="sessionFactory"/>
	</bean>
	
    <tx:annotation-driven transaction-manager="transactionManager"/>

</beans>
